{
    "kullanicilar":[
        {
            "Ad": "Ahmet",
            "Soyad": "Demir",
            "Yaş" : 23,
            "Boy" : 180,
            "Kilo" : 76,
            "Kalori" : 2100,
            "Vücut Kitle İndeksi" : 23.46,
            "Bazal Metabolizma" : 12
        },
        
        {
            "Ad": "Beril",
            "Soyad": "Işık",
            "Yaş" : 28,
            "Boy" : 165,
            "Kilo" : 53,
            "Kalori" : 1500,
            "Vücut Kitle İndeksi" : 100,
            "Bazal Metabolizma" : 12 
        },
        {
            "Ad": "berat",
            "Soyad": "Işık",
            "Yaş" : 28,
            "Boy" : 165,
            "Kilo" : 53,
            "Kalori" : 1500,
            "Vücut Kitle İndeksi" : 100,
            "Bazal Metabolizma" : 12
        },
        {
            "Ad": "Beril",
            "Soyad": "Işık",
            "Yaş" : 28,
            "Boy" : 165,
            "Kilo" : 53,
            "Kalori" : 1500,
            "Vücut Kitle İndeksi" : 100,
            "Bazal Metabolizma" : 12 
        }

      

    ],
    "yetki":["kullanicilar","supervisor"] 
}