{
    "kullanicilar":[
        {
            "Ad": "Ahmet",
            "Soyad": "Demir",
            "Yaş" : 23,
            "Boy" : 180,
            "Kilo" : 76,
            "Kalori" : 2100,
            "Vücut Kitle İndeksi" : 23.46 ,
            "Bazal Metabolizma" : 1775 
        },
        
        {
            "Ad": "Beril",
            "Soyad": "Işık",
            "Yaş" : 28,
            "Boy" : 165,
            "Kilo" : 53,
            "Kalori" : 1500,
            "Vücut Kitle İndeksi" : 19.47 ,
            "Bazal Metabolizma" : 1260
        },
        {
            "Ad": "Ayşe",
            "Soyad": "Kaya",
            "Yaş" : 18,
            "Boy" : 170,
            "Kilo" : 68,
            "Kalori" : 1800 ,
            "Vücut Kitle İndeksi" : 23.53,
            "Bazal Metabolizma" : 1491 
        },
        {
            "Ad": "Mehmet",
            "Soyad": "Yılmaz",
            "Yaş" : 45,
            "Boy" : 172,
            "Kilo" : 70,
            "Kalori" : 1900 ,
            "Vücut Kitle İndeksi" : 23.66,
            "Bazal Metabolizma" :  1555
        },
        {
            "Ad": "Ali",
            "Soyad": "Çevik",
            "Yaş" : 31,
            "Boy" : 175,
            "Kilo" : 75,
            "Kalori" :2000 ,
            "Vücut Kitle İndeksi" : 24.49 ,
            "Bazal Metabolizma" : 1693 
        },
        {
            "Ad": "Mustafa",
            "Soyad": "Demir",
            "Yaş" : 32,
            "Boy" : 180,
            "Kilo" : 85,
            "Kalori" : 2200 ,
            "Vücut Kitle İndeksi" : 26.23,
            "Bazal Metabolizma" : 1820 
        },
        {
            "Ad": "Zeynep",
            "Soyad": "Öztürk",
            "Yaş" : 24,
            "Boy" : 160,
            "Kilo" : 55,
            "Kalori" : 1500,
            "Vücut Kitle İndeksi" : 21.48 ,
            "Bazal Metabolizma" : 1269  
        },
        {
            "Ad": "Emre ",
            "Soyad": "Şahin",
            "Yaş" : 30,
            "Boy" : 176,
            "Kilo" : 78,
            "Kalori" :2100 ,
            "Vücut Kitle İndeksi" : 25.18,
            "Bazal Metabolizma" : 1735
        },
        {
            "Ad": "Seda",
            "Soyad": "Aktaş",
            "Yaş" : 27,
            "Boy" : 162,
            "Kilo" : 57,
            "Kalori" :1500 ,
            "Vücut Kitle İndeksi" : 21.72 ,
            "Bazal Metabolizma" : 1286 
        },
        {
            "Ad": "Esra",
            "Soyad": "Kocaman",
            "Yaş" : 26,
            "Boy" : 170,
            "Kilo" : 68,
            "Kalori" :1700 ,
            "Vücut Kitle İndeksi" : 23.53 ,
            "Bazal Metabolizma" : 1451
        },
        {
            "Ad": "Umut",
            "Soyad": "Yıldız",
            "Yaş" : 34,
            "Boy" : 180,
            "Kilo" : 78,
            "Kalori" : 2100 ,
            "Vücut Kitle İndeksi" : 24.07 ,
            "Bazal Metabolizma" : 1740  
        },
        {
            "Ad": "Murat",
            "Soyad": "Özkan",
            "Yaş" : 29,
            "Boy" : 181,
            "Kilo" : 99,
            "Kalori" : 2400 ,
            "Vücut Kitle İndeksi" : 30.22 ,
            "Bazal Metabolizma" : 1981 
        },
        {
            "Ad": "Gamze ",
            "Soyad": "Şen",
            "Yaş" : 28,
            "Boy" : 171,
            "Kilo" : 66,
            "Kalori" : 1700 ,
            "Vücut Kitle İndeksi" : 22.57,
            "Bazal Metabolizma" : 1427 
        },
        {
            "Ad": "Aylin ",
            "Soyad": "Özdemir",
            "Yaş" : 37,
            "Boy" : 167,
            "Kilo" : 82,
            "Kalori" : 1800 ,
            "Vücut Kitle İndeksi" : 29.40,
            "Bazal Metabolizma" : 1517 
        },
        {
            "Ad": "Sevgi",
            "Soyad": "Kaplan",
            "Yaş" : 30,
            "Boy" : 169,
            "Kilo" : 76,
            "Kalori" : 1900,
            "Vücut Kitle İndeksi" : 26.61 ,
            "Bazal Metabolizma" : 1505 
        },
        {
            "Ad": "Cem",
            "Soyad": "Özcan",
            "Yaş" : 29,
            "Boy" : 164,
            "Kilo" : 60,
            "Kalori" : 1800,
            "Vücut Kitle İndeksi" : 22.31 ,
            "Bazal Metabolizma" : 1485 
        },
        {
            "Ad": "Furkan",
            "Soyad": "Ateş",
            "Yaş" : 20,
            "Boy" : 177,
            "Kilo" : 45,
            "Kalori" : 1800,
            "Vücut Kitle İndeksi" : 14.36 ,
            "Bazal Metabolizma" : 1461 
        },
        {
            "Ad": "Şule",
            "Soyad": "Aydın",
            "Yaş" : 32,
            "Boy" : 170,
            "Kilo" : 68,
            "Kalori" :1700 ,
            "Vücut Kitle İndeksi" : 23.53 ,
            "Bazal Metabolizma" : 1421 
        },
        {
            "Ad": "Mustafa",
            "Soyad": "Demir",
            "Yaş" : 42,
            "Boy" : 180,
            "Kilo" : 90,
            "Kalori" : 2200,
            "Vücut Kitle İndeksi" : 27.78 ,
            "Bazal Metabolizma" :1820 
        },
        {
            "Ad": "İrem",
            "Soyad": "Sönmez",
            "Yaş" : 26,
            "Boy" : 163,
            "Kilo" : 58,
            "Kalori" : 1600 ,
            "Vücut Kitle İndeksi" : 21.83,
            "Bazal Metabolizma" : 1307 
        }
        

    
    ],
    "yetki":["kullanici"],
    "YemekTarifleri":[
        {
            "yemek1" : "Mercimek Çorbası",
            "malzemeler" : "mercimek , su , havuç, soğan, patates , zeytinyağı, tuz, karabiber, limon, "

        },
        {
            "yemek2" : "Tavuk Salatası",
            "malzemeler" : "tavuk göğsü , salatalık , marul, roka, ıspanak,  zeytinyağı, tuz, karabiber, limon, "

        },
        {
            "yemek3" : "Fırında Seebzeli Somon",
            "malzemeler" : "somon balığı , havuç , , brokoli , zeytinyağı, tuz, karabiber, kekik, kırmızı biber "

        },
        {
            "yemek4" : "Quinoa Salatası",
            "malzemeler" : "quinoa , salatalık , domates, maydanoz , zeytinyağı, tuz, karabiber, limon, "

        },
        {
            "yemek5" : "Köri Baharatlı Tavuk ve Bulgur Pilavı ",
            "malzemeler" : "tavuk göğsü , bulgur , soğan, yeşil biber , zeytinyağı, tuz, karabiber, köri, "

        }


    ],
    "Egzersizler":[
        {
            "egzersiz1" : "All"

        },
        {
            "egzersiz2" : "Cardio"

        },
        {
            "egzersiz3" : "Back"

        },
        {
            "egzersiz4" : "Chest"

        },
        {
            "egzersiz5" : "Lower Arms"

        },
        {
            "egzersiz6" : "Lower Legs"

        },
        {
            "egzersiz7" : "Neck"

        },
        {
            "egzersiz8" : "Shoulders"

        },
        {
            "egzersiz9" : "Upper Arms"

        },
        {
            "egzersiz10" : "Upper Legs"

        },
        {
            "egzersiz11" : "Waist"

        }
    ]
}